{
  "model_name": "LogisticRegression",
  "training_date": "2026-01-17T23:18:42.222986",
  "test_metrics": {
    "accuracy": 0.7480482611781405,
    "precision": 0.5165794066317626,
    "recall": 0.7914438502673797,
    "f1": 0.6251319957761352,
    "roc_auc": 0.8420884032137228,
    "avg_precision": 0.6425814207611356
  },
  "n_features": 61,
  "n_training_samples": 5634,
  "n_test_samples": 1409
}